<?xml version="1.0" encoding="UTF-8"?>
<project-private xmlns="http://www.netbeans.org/ns/project-private/1">
    <data xmlns="http://www.netbeans.org/ns/make-project-private/1">
        <activeConfTypeElem>3</activeConfTypeElem>
        <activeConfIndexElem>0</activeConfIndexElem>
    </data>
    <editor-bookmarks xmlns="http://www.netbeans.org/ns/editor-bookmarks/2" lastBookmarkId="0"/>
    <open-files xmlns="http://www.netbeans.org/ns/projectui-open-files/2">
        <group name="MemorySubsystem"/>
        <group name="2018 Spring COMP3361">
            <file>file:/home/mikegoss/COMP3361/Code/MemorySubsystemS2018/MMU.h</file>
        </group>
        <group>
            <file>file:/home/mikegoss/COMP3361/Code/MemorySubsystemF2018/PhysicalMemory.cpp</file>
            <file>file:/home/mikegoss/COMP3361/Code/MemorySubsystemF2018/PhysicalMemory.h</file>
            <file>file:/home/mikegoss/COMP3361/Code/MemorySubsystemF2018/Exceptions.cpp</file>
            <file>file:/home/mikegoss/COMP3361/Code/MemorySubsystemF2018/MMU.h</file>
            <file>file:/home/mikegoss/COMP3361/Code/MemorySubsystemF2018/MemoryDefs.h</file>
            <file>file:/home/mikegoss/COMP3361/Code/MemorySubsystemF2018/PageTable.h</file>
            <file>file:/home/mikegoss/COMP3361/Code/MemorySubsystemF2018/Exceptions.h</file>
            <file>file:/home/mikegoss/COMP3361/Code/MemorySubsystemF2018/tests/PhysicalMemoryTests.cpp</file>
        </group>
        <group name="tmp">
            <file>file:/home/mikegoss/COMP3361/Code/MemorySubsystemF2018/tests/PhysicalMemoryTests.cpp</file>
            <file>file:/home/mikegoss/COMP3361/Code/MemorySubsystemF2018/PhysicalMemory.h</file>
            <file>file:/home/mikegoss/COMP3361/Code/MemorySubsystemF2018/Exceptions.h</file>
            <file>file:/home/mikegoss/COMP3361/Code/MemorySubsystemF2018/tests/MMUTests.cpp</file>
        </group>
        <group name="2018 Fall COMP3361"/>
        <group name="2019 Spring COMP3361"/>
    </open-files>
</project-private>
