<?xml version="1.0" encoding="UTF-8"?>
<project-private xmlns="http://www.netbeans.org/ns/project-private/1">
    <data xmlns="http://www.netbeans.org/ns/make-project-private/1">
        <activeConfTypeElem>1</activeConfTypeElem>
        <activeConfIndexElem>0</activeConfIndexElem>
    </data>
    <editor-bookmarks xmlns="http://www.netbeans.org/ns/editor-bookmarks/2" lastBookmarkId="0"/>
    <open-files xmlns="http://www.netbeans.org/ns/projectui-open-files/2">
        <group name="2018 Spring COMP3361">
            <file>file:/home/mikegoss/COMP3361/Code/Lab3/MemoryAllocator.cpp</file>
            <file>file:/home/mikegoss/COMP3361/Code/Lab3/MemoryAllocator.h</file>
            <file>file:/home/mikegoss/COMP3361/Code/Lab3/allocator1.txt</file>
            <file>file:/home/mikegoss/COMP3361/Code/Lab3/allocator2.txt</file>
            <file>file:/home/mikegoss/COMP3361/Code/Lab3/main.cpp</file>
        </group>
        <group name="2019 Winter COMP3361">
            <file>file:/home/mikegoss/COMP3361/2019Winter/Lab3/FrameAllocator.h</file>
            <file>file:/home/mikegoss/COMP3361/2019Winter/Lab3/FrameAllocator.cpp</file>
            <file>file:/home/mikegoss/COMP3361/2019Winter/Lab3/main.cpp</file>
            <file>file:/home/mikegoss/COMP3361/2019Winter/Lab3/allocator2.txt</file>
        </group>
        <group name="2019 Spring COMP3361">
            <file>file:/home/mikegoss/COMP3361/2019Spring/Lab4/BitMapAllocator.cpp</file>
            <file>file:/home/mikegoss/COMP3361/2019Spring/Lab4/main.cpp</file>
        </group>
    </open-files>
</project-private>
