<?xml version="1.0" encoding="UTF-8"?>
<configurationDescriptor version="100">
  <logicalFolder name="root" displayName="root" projectFiles="true" kind="ROOT">
    <logicalFolder name="HeaderFiles"
                   displayName="Header Files"
                   projectFiles="true">
      <itemPath>Exceptions.h</itemPath>
      <itemPath>MMU.h</itemPath>
      <itemPath>MemoryDefs.h</itemPath>
      <itemPath>PSW.h</itemPath>
      <itemPath>PageTable.h</itemPath>
      <itemPath>PhysicalMemory.h</itemPath>
      <itemPath>TLB.h</itemPath>
    </logicalFolder>
    <logicalFolder name="ResourceFiles"
                   displayName="Resource Files"
                   projectFiles="true">
    </logicalFolder>
    <logicalFolder name="SourceFiles"
                   displayName="Source Files"
                   projectFiles="true">
      <itemPath>Exceptions.cpp</itemPath>
      <itemPath>MMU.cpp</itemPath>
      <itemPath>PhysicalMemory.cpp</itemPath>
      <itemPath>TLB.cpp</itemPath>
    </logicalFolder>
    <logicalFolder name="TestFiles"
                   displayName="Test Files"
                   projectFiles="false"
                   kind="TEST_LOGICAL_FOLDER">
      <logicalFolder name="f1"
                     displayName="MemorySubsystemTests"
                     projectFiles="true"
                     kind="TEST">
        <itemPath>tests/MMUTests.cpp</itemPath>
        <itemPath>tests/PhysicalMemoryTests.cpp</itemPath>
        <itemPath>tests/TLBTests.cpp</itemPath>
      </logicalFolder>
    </logicalFolder>
    <logicalFolder name="ExternalFiles"
                   displayName="Important Files"
                   projectFiles="false"
                   kind="IMPORTANT_FILES_FOLDER">
      <itemPath>Makefile</itemPath>
    </logicalFolder>
  </logicalFolder>
  <projectmakefile>Makefile</projectmakefile>
  <confs>
    <conf name="Debug" type="3">
      <toolsSet>
        <compilerSet>default</compilerSet>
        <dependencyChecking>true</dependencyChecking>
        <rebuildPropChanged>false</rebuildPropChanged>
      </toolsSet>
      <compileType>
        <cTool>
          <standard>10</standard>
        </cTool>
        <ccTool>
          <architecture>1</architecture>
          <standard>11</standard>
          <commandlineTool>clang++</commandlineTool>
        </ccTool>
        <archiverTool>
        </archiverTool>
      </compileType>
      <item path="Exceptions.cpp" ex="false" tool="1" flavor2="0">
      </item>
      <item path="Exceptions.h" ex="false" tool="3" flavor2="0">
      </item>
      <item path="MMU.cpp" ex="false" tool="1" flavor2="0">
      </item>
      <item path="MMU.h" ex="false" tool="3" flavor2="0">
      </item>
      <item path="MemoryDefs.h" ex="false" tool="3" flavor2="0">
      </item>
      <item path="PSW.h" ex="false" tool="3" flavor2="0">
      </item>
      <item path="PageTable.h" ex="false" tool="3" flavor2="0">
      </item>
      <item path="PhysicalMemory.cpp" ex="false" tool="1" flavor2="0">
      </item>
      <item path="PhysicalMemory.h" ex="false" tool="3" flavor2="0">
      </item>
      <item path="TLB.cpp" ex="false" tool="1" flavor2="0">
      </item>
      <item path="TLB.h" ex="false" tool="3" flavor2="0">
      </item>
      <folder path="TestFiles">
        <ccTool>
          <incDir>
            <pElem>.</pElem>
          </incDir>
        </ccTool>
      </folder>
      <folder path="TestFiles/f1">
        <cTool>
          <incDir>
            <pElem>.</pElem>
          </incDir>
        </cTool>
        <ccTool>
          <incDir>
            <pElem>.</pElem>
          </incDir>
        </ccTool>
        <linkerTool>
          <output>${TESTDIR}/TestFiles/f1</output>
          <linkerAddLib>
            <pElem>/usr/src/gtest</pElem>
            <pElem>/usr/lib/x86_64-linux-gnu</pElem>
          </linkerAddLib>
          <linkerLibItems>
            <linkerLibLibItem>gtest</linkerLibLibItem>
            <linkerLibLibItem>gtest_main</linkerLibLibItem>
            <linkerLibLibItem>pthread</linkerLibLibItem>
          </linkerLibItems>
        </linkerTool>
      </folder>
      <item path="tests/MMUTests.cpp" ex="false" tool="1" flavor2="0">
      </item>
      <item path="tests/PhysicalMemoryTests.cpp" ex="false" tool="1" flavor2="0">
      </item>
      <item path="tests/TLBTests.cpp" ex="false" tool="1" flavor2="0">
      </item>
    </conf>
    <conf name="Release" type="3">
      <toolsSet>
        <compilerSet>default</compilerSet>
        <dependencyChecking>true</dependencyChecking>
        <rebuildPropChanged>false</rebuildPropChanged>
      </toolsSet>
      <compileType>
        <cTool>
          <developmentMode>5</developmentMode>
        </cTool>
        <ccTool>
          <developmentMode>5</developmentMode>
          <architecture>1</architecture>
          <standard>11</standard>
        </ccTool>
        <fortranCompilerTool>
          <developmentMode>5</developmentMode>
        </fortranCompilerTool>
        <asmTool>
          <developmentMode>5</developmentMode>
        </asmTool>
        <archiverTool>
        </archiverTool>
      </compileType>
      <item path="Exceptions.cpp" ex="false" tool="1" flavor2="0">
      </item>
      <item path="Exceptions.h" ex="false" tool="3" flavor2="0">
      </item>
      <item path="MMU.cpp" ex="false" tool="1" flavor2="0">
      </item>
      <item path="MMU.h" ex="false" tool="3" flavor2="0">
      </item>
      <item path="MemoryDefs.h" ex="false" tool="3" flavor2="0">
      </item>
      <item path="PSW.h" ex="false" tool="3" flavor2="0">
      </item>
      <item path="PageTable.h" ex="false" tool="3" flavor2="0">
      </item>
      <item path="PhysicalMemory.cpp" ex="false" tool="1" flavor2="0">
      </item>
      <item path="PhysicalMemory.h" ex="false" tool="3" flavor2="0">
      </item>
      <item path="TLB.cpp" ex="false" tool="1" flavor2="0">
      </item>
      <item path="TLB.h" ex="false" tool="3" flavor2="0">
      </item>
      <folder path="TestFiles/f1">
        <cTool>
          <incDir>
            <pElem>.</pElem>
          </incDir>
        </cTool>
        <ccTool>
          <incDir>
            <pElem>.</pElem>
          </incDir>
        </ccTool>
        <linkerTool>
          <output>${TESTDIR}/TestFiles/f1</output>
        </linkerTool>
      </folder>
      <item path="tests/MMUTests.cpp" ex="false" tool="1" flavor2="0">
      </item>
      <item path="tests/PhysicalMemoryTests.cpp" ex="false" tool="1" flavor2="0">
      </item>
      <item path="tests/TLBTests.cpp" ex="false" tool="1" flavor2="0">
      </item>
    </conf>
  </confs>
</configurationDescriptor>
